﻿{"cameraMode":{"drawMode":0,"name":"Shaded","section":"Shading Mode"},"sceneLighting":true,"audioPlay":false,"sceneViewState":{"showFog":true,"showMaterialUpdate":false,"showSkybox":true,"showFlares":true,"showImageEffects":true,"showParticleSystems":true},"in2DMode":false,"pivot":{"x":-13.476377487182618,"y":3.8050827980041506,"z":11.318424224853516},"rotation":{"x":-0.10494997352361679,"y":-0.7839805483818054,"z":0.1380702704191208,"w":-0.5960860848426819},"size":6.800065994262695,"orthographic":false}